entries,mentions,csd_id
acetanilide,[2941],ACANIL
"2,6-Dimethylphenol",[157226],DMEPOL
UPC-33,[508171],METPAF
"1-Chloro-2,4-dinitrobenzene","[55124, 55125, 55126, 55127, 55128]",BENCLN
tetrahydrate,"[579884, 741350]",OBORUU
"3,5-dimethoxybenzaldehyde",[396705],JITXOC
"1-benzyl-4-phenyl-1H-1,2,3-triazole","[557481, 557482, 557483, 557484, 557485, 557486]",NILLEZ
GR135402,[96098],CEGLIJ
9-Fluorenone,[241705],FLURON
PCM-4,[114737],COGNAO
(+)-aspidospermidine,[621957],PATZIW
5-Iodo-2'-deoxyuridine,[345570],IDOXUR
BUT-70A,[866383],VASGOO
MET-1,[900034],VUZREQ
glabridin,[625459],PEDHAJ
pyrenophorin,[731139],ROVPAW
donecopride,[289897],GUBXAE
thiophene-2-carboxamide,[1025953],ZAZZEI
bis(4-hydroxyphenyl)methane,[920644],WIMCOL
ONO-6818,[523988],MORJOS
lobohedleolide,[845117],UNOCIM
FMOF-1,[639690],PITYUN
"benzene-1,4-diol","[339030, 339031]",HYQUIN
RUB-15,[400807],JOJJUQ
ARL-1,[292417],GUKKON
4-phenoxyaniline,[796617],TESVAR
lathyrol,[529078],MUDRAG
6-methyl-2-thiouracil,"[1049554, 1049555]",ZZZGEO
n-Octanol,[1051557],ZZZVYK
J-113397,[331527],HUDCOY
p-Benzoquinone,"[67714, 67715, 67716]",BNZQUI
CPO-27-Ni,"[209307, 209310, 461021, 461022, 463079]",LEJRIC
ST-14,[953494],XEQYAW
m-Dinitrobenzene,[157534],DNBENZ
N-Nitrosodiphenylamine,[65095],BISKET
fangchinoline,[836200],UHUZIJ
methoxybenzene,"[335046, 335047, 335048]",HUPNIR
D-Sorbitol,[282565],GLUCIT
PU-1,[956406],XEZDIS
dufulin,"[1082721, 1082722, 1082723, 1082724]",ZAKPUA
"2,2',5,5'-Tetrachlorobiphenyl",[794050],TEKQIJ
9-Anthraldehyde,[22985],ANTHAL
Pd-Ib,[346205],IFAJIJ
MOP-1,"[153458, 765741]",SOBPUX
piperidin-4-ol,"[574867, 574868]",NUPCOS
NPAN,"[626089, 626090, 626091]",PEFTIE
L-Selenomethionine,[148223],DEYFOD
axelopran,[258177],GABYER
alternariol,[1063204],TUPJOE
D,[845073],UNIYIA
dibefurin,[643099],POFBIV
KUF-1,[532234],MUPFEL
3-Hydroxyflavone,[170026],DUMFAS
pyrene,"[294486, 659226, 659227, 659228, 1076246]",GUQPOZ
SUN9221,[870712],VEGBAK
phthalazine,[140574],DAZNAP
"1,1'-binaphthalene",[63643],BINAPH
"ethane-1,2-diol",[570361],NOZKES
2-pyridone,[659252],PYRIDO
chitosan,[646130],POPBEE
"2,2':6',2''-Terpyridine","[897632, 897633, 897634, 897635, 897636]",VURYOW
3-Aminopyridine,[20672],AMIPYR
"1,1,1-trifluoro-2-iodoethane","[64776, 64777]",BIRCOX
divanillin,[154236],DISLID
CPL-2,"[82896, 82897, 82898, 82899, 82900, 82901, 82902, 82903, 82904, 82905, 82906, 82907, 82908, 82909, 82910, 82911, 82912, 82913, 82914, 82915, 82916, 82917, 82918, 82919, 336436, 336449]",HUTGIP
mandelic_acid,[156975],DLMAND
V11,[390118],JEMPEZ
coronene,"[118414, 118415, 118416, 118417, 118418, 118419, 1067989]",CORONE
chryscandin,[247124],FORHUQ
acetoxydehydroaustin,[251763],FUGKAW
9-Ethyladenine,"[1049565, 1049566]",ZZZGGK
2c,[537354],NADPUF
"2,6-dibromophenol",[983935],YAJVUE
"2',3'-Dideoxyuridine",[418249],KATYOT
MMdCyd,[876293],VEXDOR
CP3,[612277],OYAFUR
5-hydroxychromone,[324306],HOHHOC
mesaconitine,[477525],LOBTOM
IMP-25,[1035123],ZIQQEY
fluroxypyr,[214932],EZONOY
"2-methyl-1,4-naphthoquinone",[371722],IVEJUO
9-methylanthracene,"[1058817, 1058818, 1058819, 1058820]",MANTHR
ethisterone,[647395],POSJAI
MIL-140C,"[1083441, 1083442]",ZOGROF
InOF-1,[200093],ERAPUK
WLIP,[720633],RIMGOL
cyclopentanone,[195994],ENOCUG
Hydroxy-L-proline,"[326709, 326710]",HOPROL
7b,[953774],XERQUI
"2,7,12,17-tetraphenylporphycene",[350435],IHEBAA
"1,4-phenylenediamine",[628718],PENDAM
Ga-MIL-53,[689550],QOVWOO
N-Methylformamide,[38261],AXOSIQ
19-Nortestosterone,"[568885, 568887]",NOTEST
"1,2-dichlorobenzene",[2228],ABUMIT
cyclobutanone,[362402],IPELOF
ITQ-12,"[452196, 452197]",LACSOY
albofungin,[902814],WAHLEA
Zn-MOF-74,[603664],ORIVOC
"N,N-dimethyl-4-nitroaniline","[9068, 152732, 152733, 152734, 152735, 152736]",AFOVUP
"2,2-dimethoxypropane","[814433, 814434]",TOVWIN
MFU-4l,[846845],UPOZAB
CPO-27-Zn,"[685506, 685507, 685508, 685509, 685510, 685511, 685512, 685513, 685514, 685515, 685516, 685517, 686119, 686120, 686121, 686122, 686123, 686124, 686125, 686126, 686127, 686128, 686129, 686130, 686131, 686132, 686133, 686134, 686135, 686136, 686137, 686138, 686139, 686140, 686141, 686142, 686143, 686144, 686145, 686146, 686147, 686148, 686149, 686150, 686151, 686152, 686153, 686154, 686155, 686156, 686157, 686158, 686159, 686160, 686161, 686162, 686163, 686164, 686165, 686166, 686167, 686999, 687000, 687001, 687002, 687003, 687004, 687005, 687006, 687007, 687008, 687009, 687010, 687011, 687012, 687013, 687014, 687015, 687016, 687017, 687018, 687019, 687020, 687021, 687022, 687023, 687024, 687025, 687026, 687027, 687028, 687029, 687030, 687031, 687032, 687033, 687034, 687035, 687036, 687037, 687038, 687039, 687040, 687041, 687042, 687043, 687044, 687045, 687046, 687047, 687048, 687049, 687050, 687051, 687052, 687053, 687108, 687109, 687110, 687111, 687112, 687113, 687114, 687115, 687116, 687117, 687118, 687119, 687120, 687121, 687122, 687123, 687124, 687125, 687126, 687127, 687128, 687129, 687130, 687131, 687132, 687133, 687134, 687135, 687136, 687137, 687138, 687139, 687140, 687141, 687142, 687143, 687144, 687145, 687146, 687147, 687148, 687149, 687258, 687259, 687260, 687261, 687262, 687263, 687264, 687265, 687266, 687267, 687268, 687269, 687270, 687271, 687272, 687273, 687274, 925012]",QONYEA
glutathione,"[282632, 282633]",GLUTAS
CD-MOF-2,"[454326, 454327]",LAJLEP
piperidin-2-one,"[318593, 318594]",HIQJOJ
8-Bromoadenosine,"[76168, 76169]",BRADOS
"1,3-thiazolidine-2,4-dione",[790191],TAZOLD
"3,4-dimethoxybenzaldehyde",[365301],IQUGUY
ZIF-4,[871907],VEJYUF
"9,10-diphenylanthracene","[166027, 166028, 166029, 166030, 166031, 166032]",DPANTR
20-Methylcholanthrene,[502018],MCHLAN
"4-Androstene-3,17-dione",[22035],ANDSEO
pentaphosphaferrocene,"[194157, 194158]",EMONAY
triazolophane,[329750],HOYPUI
cis-Chlordane,[113543],COCTCD
peiminine,[417513],KASHIR
pentafluoroaniline,[998575],YIFXER
SNU-81,[338635],HUZXAD
D-Mannose,[1050614],ZZZPOQ
L-Alanosine,[165120],DOXXAP
8-(3-Chlorostyryl)caffeine,[417753],KASVUW
(-)-Epicatechin,[119934],COWHUR
"4,4'-dibromobiphenyl",[140833],DBRBIP
octane,[582535],OCTANE
oxaliplatin,[838553],UKECIW
meloxicam,[750188],SEDZOQ
2-hydroxybenzohydrazide,[867597],VAWGAB
L-Arabinitol,[503031],MECRAP
"6H-indolo[2,3-b]quinoxaline",[239661],FITZEO
n-Heptane,[310264],HEPTAN
7-methoxycoumarin,[519089],MOCOUM
MIL-96,[632836],PEYVEV
"2,3-diphenylquinoxaline",[583560],ODEJAJ
"6-phenyl-2,2'-bipyridine","[951931, 951932]",XELNUA
"6,6'-dimethoxygossypol","[899315, 899316]",VUXRIQ
isosorbide,[97410],CEKPIR
"8-(trifluoromethyl)-1,2,3,4,5-benzopentathiepin-6-amine","[110271, 110272]",CIVZAL
KL-3,[228601],FEMYOO
terephthalamide,"[816296, 816297, 816298]",TRPHAM
"[1,2,5]thiadiazolo[3,4-c][1,2,5]thiadiazole",[49320],BAWHEM
deltamethrin,"[658799, 658800, 658801]",PXBVCP
cyclophosphazene,[699903],QUZDOG
clopamide,[580381],OBUSOX
Fe-MIL-88B,[645307],POLVOE
5-Iodouracil,"[371209, 371210, 371212, 371213]",IURACL
dihexylamine,[470759],LIHHUI
9-(methylaminomethyl)anthracene,[233554],FIBQIT
oxocane,[729966],ROPPEU
L-Asparagine,[880299],VIKKEG
"1,3-dibromobenzene","[766991, 766992, 766993, 766994, 766995]",SOFVUG
pentaphenylbenzene,[654735],PUNVIE
"N,N-dimethylglycine","[503356, 503357, 503358, 503359, 503360, 503361, 503362, 503363, 503364, 503365, 503366, 503367, 503368, 503369, 503370, 503371, 503372, 503373, 503374]",MEDLUE
NU-1105,[412935],KAFRIV
1c,[718337],RIDLEW
viridicatin,[160149],DOJHAO
hexamethylbenzene,"[322068, 322069]",HMBENZ
cis-Zeatin,[172528],DUTZOH
HCF-1,[977698],XUPXEN
"2,2':6',2'':6'',2'''-quaterpyridine",[389328],JEJSIA
4-aminobenzamide,"[20019, 20020]",AMBZAM
phenothiazine,"[633564, 633565, 633566]",PHESAZ
2-(1H-imidazol-2-yl)pyridine,[186839],EHUKIC
(+)-goniofufurone,[858813],UZAKAJ
INT-1,[359393],IMSOPB
"2-chloro-1,3,5-trinitrobenzene",[112154],CLNOBE
psilocybin,"[1079622, 1079623]",TAVZID
rhodamine-6g,[678891],QIMMEE
PTC-2,[186400],EHOFAK
PHI495,[251807],FUGMEZ
L-Tyrosine,"[484676, 484677, 484678]",LTYROS
2-Methylimidazole,[253089],FULPIM
p-Terphenyl,"[796139, 796140, 796141, 796142, 796143, 796144, 796145, 796147, 796153]",TERPHE
etifoxine,[178329],ECMPBX
vioxanthin,[413491],KAGWOI
POM-1,[159518],DOGQIA
4-Chlorophenol,"[112190, 112191, 112192]",CLPHOL
"1,4-bis(3-pyridylaminomethyl)benzene",[921236],WINNIR
4-Methylpyrazole,[326952],HOQHUQ
MOF-3,[434576],KITVEQ
p-synephrine,[660948],QAFHAJ
3-Cyanopyridine,[528446],MUBZUE
diclofenac,[515383],MISBEW
brucine,"[495211, 495212, 495213]",MAJRIZ
TUB-1,[1080792],WAXPEU
benzo[g]chrysene,[846529],UPIXEY
pentafluorobenzaldehyde,[427996],KEYKAD
7a,[953770],XERQOC
15-crown-5,[511592],MIGNOG
manool,[816713],TUBSIU
2-Aminofluorene,[499317],MATHIY
GS14K4,[371703],IVEHUN
PLP-1,[931302],WOWHAU
borax,[605650],OSURUR
work,"[595730, 786468]",TAPMEE
"naphthalene-2,3-diol",[887230],VOGSEP
atazanavir,[474702],LISTEP
pyrazin-2(1H)-one,[1069988],HANRAT
"2,4,6-trichloro-1,3,5-triazine",[894295],VUGSIZ
1H-indole,[360258],INDOLE
p-phenylenediamine,[628717],PENDAM
acetaminophen,"[119409, 119410, 119411, 119412, 119413, 119414, 338745, 845154]",COTZAN
"1,3-diphenylurea","[166351, 166356, 166360]",DPUREA
"2-amino-3-chloro-1,4-naphthoquinone",[89169],CANAPQ
STAM-1,"[362949, 1005619]",IPIVOT
"4,4'-bipyridine",[318811],HIQWEJ
chromen-2-one,[119440],COUMAR
parthenolide,[620997],PARTEN
pentaerythritol,[630323],PERYTO
"5,10,15,20-tetrakis(4-methoxyphenyl)porphyrin",[1024194],ZASPUG
7-Epiclusianone,[750033],SEDQIB
MIL-53lt,[295265],GUSNEN
triflumezopyrim,"[286924, 286925]",GOQNAE
(-)-Syringaresinol,[781306],SYRING
DWA-2114R,[868635],VAYXEY
BW1003C87,[322676],HOBVIE
SZ-1,[47878],BARMAL
acedapsone,"[159957, 159958]",DOHSEA
progesterone,[650281],PROGST
bisanthene,"[1058750, 1058751, 1058752]",LEKKAR
1-Kestose,[426129],KESTOS
3-hydroxyflavone,[170027],DUMFAS
"3,5-dimethyl-1H-pyrazole",[1068040],DASXEA
akuammicine,[389860],JELRAW
2H-1-benzopyran-2-one,"[119441, 119442, 119443, 119444, 119445, 119446, 119447]",COUMAR
glycylglycine,[282805],GLYGLY
S2P,[226881],FEHQAL
"indolo[3,2-b]indole",[806851],TIXQEY
AYA,[423778],KELYOQ
CD-MOF-1,"[454295, 454296, 454332, 454333, 748650]",SAZQIW
thioindigo,"[761335, 761336, 761337, 761338]",SINDIG
tetracene,"[796735, 796736]",TETCEN
2-aminonicotinaldehyde,"[910745, 910746]",WEGTIO
DL-Serine,"[157015, 157016, 157017, 157018, 157041]",DLSERN
"anthracene-9,10-dione","[23036, 23037, 23038, 23039, 23040, 23041, 23042, 23043, 23044, 23045]",ANTQUO
PKU-15,[537191],NADGOR
HS1011,[891885],VOXJEX
"1,1,1,2-Tetrafluoroethane",[900025],VUZQIQ
"4'-(4-pyridyl)-2,2':6',2''-terpyridine","[928853, 928855, 928856]",WOMWUQ
"2,2',3,5',6-Pentachlorobiphenyl",[367387],IRUYIE
"2,2'-dihydroxy-4,4'-dimethoxybenzophenone",[1004086],YIXRED
MAF-6,[349407],IGOGOD
PCC-1,[720899],RINFUS
7-ethynylcoumarin,[464678],LENYIO
"1,2,3,5-tetrachlorobenzene","[790719, 790720]",TCLBZN
FK664,"[897996, 897997]",VUSZEO
MET-2,[308953],HEJQEV
hexahelicene,"[312434, 312435, 312436, 312437]",HEXHEL
OTF1,[329882],HOYXOL
adenine,[436728],KOBFUD
perfluororubrene,"[360438, 360439, 360440, 360441]",INELUK
"1,2,4-trichlorobenzene","[443760, 443761, 443762, 443763]",KUBMAX
2a,"[664667, 953749]",QANXUA
"1H-pyrrolo[3,2-h]quinoline",[402337],JOPKEE
dimethylamine,"[544134, 544135, 544136, 544137, 544138]",NAWYES
n-Butylamine,[682990],QOBHIA
HUS-1,[610783],OXANIL
N-Bromosuccinimide,"[243298, 545333]",NBSUCA
decamethylferrocene,[157252],DMFERR
"1,3,5-Trinitrobenzene",[808438],TNBENZ
cardamonin,[700461],RABPUJ
dioxidine,"[959741, 959742]",XIKQAM
confertin,[322816],HOCDOV
BUT-52,[751693],SEJTIN
methylethylamine,[470779],LIHJUK
"9,10-bis(phenylethynyl)anthracene","[464949, 464950, 1073303, 1073304, 1073305, 1073306]",LEPPIF
riluzole,[479448],LOHVEM
"5,6,11,12-tetraphenyltetracene","[691801, 691802, 691803, 691804, 691805, 691806, 691807, 691809, 691810, 691811, 691812, 691813, 691814, 691815, 691816, 691817, 1060702, 1060703, 1060704, 1060705, 1077125]",QQQCIG
SPr5,[1042174],ZOXJUR
AT1,[833185],UGEWEK
MOP1,[612280],OYAGAY
MOF1,"[240899, 605767]",OTACUJ
UTSA-16,"[708757, 708758, 708759, 708760]",RAZXIA
7-hydroxy-6-methoxy-2H-1-benzopyran-2-one,[338820],HXMCOU
"2,2-dichloropropane",[692018],QQQCZS
micheliolide,[398007],JIZHOP
MFU-1,"[36086, 210852]",EXEXEL
pyridine-3-carboxamide,"[554579, 554580, 554581, 554582, 554583, 554584, 554585, 554586, 554587, 554588]",NICOAM
naphthalene,"[541425, 541426, 541427, 541428, 541429, 541430, 541431, 541432, 541433, 541434, 541435, 541436, 541437, 541438, 541439, 541440]",NAPHTA
lesinurad,[804010],TIPQER
FK506,[237621],FINWEE
octachloronaphthalene,"[581984, 581985]",OCLNAP
HS1000,[117994],COQQAA
metformin,[853643],UVIGAK
azilsartan,[219889],FAMFEH
"1,12-diazaperylene",[930914],WOTZUD
adduct,[955717],XEXMOD
moroidin,[559973],NISCOK
PTC-1,[186396],EHODUC
isocladosporin,[85073],CABKIC
thianthrene,"[799363, 799364, 1063166]",THIANT
W-7,[708210],RAYLOT
"2,3-butanediol","[1027013, 1027014, 1027016]",ZEFPAD
eldecalcitol,[607489],OVEBEZ
ST-4,[388926],JEHBUW
"2-Hydroxy-1,4-naphthoquinone","[794445, 794446, 794447, 794448]",TELYAK
ibuprofen,"[119398, 340849]",IBPRAC
19-deoxyicetexone,[705245],RAQGAU
"1,2,4-triazole-3-thione",[772585],SOYCOZ
2-(2'-Hydroxyphenyl)benzimidazole,"[304344, 304345]",HAVBIQ
etofenprox,[1060410],PEBBAD
weddellite,"[259054, 916886]",GADTAK
2-Methylnaphthalene,"[691924, 691925]",QQQCSV
JD-1,[40422],AZAROL
2-phenylacetonitrile,[941825],XAFVUX
GAM-1,[626813],PEHNUO
N-Methyl-N-nitrosourea,[60652],BIDJIH
ATF-1,[769045],SOMFEG
haliclonadiamine,"[975938, 975939]",XUKHET
evoxanthine,[510938],MIDREZ
"1,2,3,5-tetrakis(carbazol-9-yl)-4,6-dicyanobenzene",[1014521],YUGDOV
diallylamine,[1043991],ZUGBIP
2-fluoroaniline,[344039],IDAHOL
4-Hydroxybenzaldehyde,[633428],PHBALD
wentilactone,[665240],QAQJOJ
n-Pentane,"[628952, 628953]",PENTAN
SEC-2,[273478],GEYLAA
MIL-53ht,"[514126, 514127]",MINVUA
DMOF-1,"[223996, 223997]",FAYPAY
scoparone,"[642368, 642369]",POBZEO
enmein,[879009],VIGDEX
4-chloro-3-ethylphenol,[966181],XOFBOL
lapatinib,[607468],OVAYOB
5-Formylcytosine,[703414],RAKLOG
11-azaartemisinin,[874980],VESWOI
propane,"[386797, 386798, 386799, 386800, 386801, 386802, 386803]",JAYDUI
maleimides,[1011415],YOVSOU
6-Aminonicotinamide,[461869],LEFRUL
2-Hydroxy-1-naphthaldehyde,[443183],KOYTOH
"1,3,5-trimethylbenzene",[769888],SOPLAL
neostenine,[654624],PUNNOC
7-Ethoxycoumarin,[146775],DETFUC
"5,15-diphenylporphyrin","[583510, 583511]",ODEFOS
CPO-27-Mg,"[520562, 887256]",MOHGOI
tetraphenylethene,[587738],OGEMAR
IMP-28,[559289],NIQNOT
DL-norleucine,[157009],DLNLUA
4-fluoroaniline,[344043],IDAHUR
lobocrasol,[605504],OSUFUG
exemestane,[627465],PEKFAN
4-hydroxy-3-methoxybenzaldehyde,"[1015122, 1015123]",YUHTEA
(2-nitrophenyl)methanol,"[583008, 583009]",OCUZUL
avobenzone,[909065],WEBGAL
"N,N-dimethyl-4-aminoazobenzene",[192462],ELUCIZ
"2,4-dihydroxybenzophenone",[149125],DHXBZP
alaptide,[449084],KUTBEH
2-Thiouracil,[821426],TURCIL
ACM-1,[761578],SINTER
bevirimat,[702097],RAFVUS
graphite,"[1009569, 1009570]",YOPTUU
TB,[169233],DUKBAO
2-Amino-5-nitrophenol,[20891],AMNPHA
"1-(2,6-diisopropylphenyl)-3,3,5,5-tetramethylpyrrolidin-2-ylidene",[371502],IVAVEI
"2-amino-4,6-dimethoxypyrimidine",[9551],AFUYIJ
ACP-2,[52514],BEFNOR
ZJU-35,[471620],LIKGUJ
"1,3,4-Thiadiazole",[791000],TDAZOL
iodobenzene,"[712087, 712088]",REKYAI
piperidine,"[370606, 370607]",ITOBAU
CDCl3,[592227],OJOBOF
chitin,"[778559, 778560]",SUSGIW
5k,[710467],REFXOR
PIK-75,[235170],FIGSIA
"2,5-dimethoxybenzaldehyde",[396703],JITXIW
(-)-Rhazinilam,[177654],ECEKED
benzimidazole,[550530],NEQQOR
cis-inositol,"[678416, 678417, 678418]",QIKZAN
oxoassoanine,[471492],LIJYEL
chlorphenesin,[33649],AVENAT
4-pyridone,"[521653, 521654, 521655, 521656]",MOKYER
apalutamide,[1054101],FAVYEK
2-Chloropyridine,[492412],LUZXOV
ITF-1,[574397],NUMVOI
"6-hydroxy-1,3-benzoxathiol-2-one",[207637],EVOQEL
epicatechin,[119936],COWHUR
quinolin-8-ol,"[338931, 338932, 338933]",HXQUIN
ciprofibrate,[1082513],YAYREZ
MOF-5,"[510141, 510142, 510143, 510144, 510145, 510146, 510147, 510148, 510149, 510150, 510151, 510152, 510153, 510154, 510155, 510156, 510157, 510158, 510159, 510160, 510161, 742582, 823160, 856315, 897774]",MIBQAR
LY255582,[394484],JIKREA
Ni-MOF-74,[603666],ORIVUI
pentabromophenol,[726681],ROFKAZ
2-methylfuran,[1038629],ZOGQUK
diprenorphine,[998869],YIGQUB
TIF-1,[201919],ESAFIQ
hispolon,[260793],GAJKUB
"N,N'-diphenylurea","[166357, 166358, 166359, 166361, 166362, 1053992]",DPUREA
N-Phenyl-2-naphthylamine,[1051232],ZZZTYM
20-deoxyingenol,[228464],FEMPAP
o-Tolidine,"[132271, 132272]",DADMBP
"1,3,5-triphenylbenzene",[1079786],TPHBEN
hexamethyleneimine,[182916],EFUMEY
"ergosterol-5,8-endoperoxide",[556103],NIHBUC
IS-1,[761617],SINWOE
bio-MOF-11,[1019127],YUVSUE
PSS-4,[7773],AFASUY
voacamine,[1017790],YURFAV
9b,[446064],KUJNAF
6-methoxydihydrosanguinarine,"[859565, 859566]",UZOKAX
"3,4,7,8-tetramethyl-1,10-phenanthroline",[526566],MOYXAB
"1,2-diaminoethane","[204376, 204377, 204378, 204379, 204380, 204381, 204382, 204383, 204384, 204385]",ETDIAM
JM216,[1011617],YOWHIB
SZ-3,[47881],BARMEP
"4'-chloro-2,2':6',2''-terpyridine",[911297],WEJFEX
"pyrimidine-2,4-diamine",[203410],ESOYUI
"1,4-dinitrobenzene","[157562, 157563]",DNITBZ
zeolite,[731070],ROVCUD
LQFM064,[621477],PASSOU
7-Azaindole,[391282],JESPAY
isoxazoline,[488682],LUPGAH
5,[673598],QETLUX
"1,4-diazepane",[27300],AREBUX
"1,2-Dichlorobenzene",[2227],ABUMIT
GG-8-6,"[466225, 466330]",LETHIE
"L-658,758",[448969],KUSTIB
"1,3,5,7-tetranitro-1,3,5,7-tetraazacyclooctane","[581459, 581469]",OCHTET
MIL-53,"[514128, 740102]",SABVUN
terrylene,[41640],AZOXOF
(-)-deoxypodophyllotoxin,[1009943],YOQXOU
5-Methylcytidine,[785121],TALJAR
"7H-dibenzo[c,g]carbazole",[1049721],ZZZHUW
"2,6-dimethylphenylisocyanide",[176285],EBONAK
"1,3,5-triazine",[816244],TRIZIN
TTF-2,[430763],KIGZAD
2-Chlorophenol,"[905124, 905125, 905126]",WANMUU
2-aminoethanethiol,[739256],RUYSUZ
8-Aminoquinoline,[567086],NONMEI
oxaline,[610645],OXALIN
p-Xylene,[1049821],ZZZITY
bianthrone,[136267],DANTEN
"2,3,5,6-tetrafluoro-7,7,8,8-tetracyanoquinodimethane","[45553, 45554]",BAKPAE
"1,4-dihydroxy-9,10-anthraquinone","[149121, 149122]",DHXANT
viomellein,[413496],KAGWUO
thiacalix[2]thianthrene,[430940],KIHKUI
"2,6-diaminopyrimidin-4-one",[602745],OQUQEX
pyridine,[659202],PYRDNA
MPM-1-TIFSIX,[847163],UQAJIH
TAF-1,[273858],GEZRAG
FCS-2,[571950],NUFDIE
l-Canavanine,[58892],BEYFAM
aquatolide,[425019],KEPZAI
"7,7,8,8-Tetracyanoquinodimethane","[790980, 790981]",TCYQME
ortho-vanillin,[607345],OVANIL
"DL-trans-3,4-dihydroxy-1-selenolane",[959413],XIJTEP
anisaldehyde,[981962],YADJIY
salicylaldoxime,"[743809, 743810, 743811, 743812, 743813, 743814, 743815, 743816]",SALOXM
GW311616A,[180011],EDEZES
"1,2,4-tribromobenzene","[858637, 858638, 858639]",UYUQAJ
PMC-1,[400246],JOGYOW
"2',3'-Dideoxycytidine",[260252],GAHHOM
methyluracil,"[508263, 508264, 508271, 1058870]",METURA
n-Butanol,[509190],MEXZOG
TAPSO,[922135],WIRMIT
"1,1,2,2-Tetrachloroethane","[582702, 582703, 582704, 676958]",QIFNIE
"2,5-dibromopyridine",[890286],VOQYUW
DL-methionine,"[156997, 156998]",DLMETA
trans-Chlordane,[809010],TOCTCD
n-hexadecanol,"[312381, 312382]",HEXDEC
UT-4,[809095],TOCZUG
"9,10-anthraquinone",[23035],ANTQUO
4-dimethylaminobenzaldehyde,[1050219],ZZZMFY
"2,5-Dichlorophenol",[141029],DCLPOL
"4,4'-oxydianiline","[774055, 774056]",SUCVER
NU-111,[504572],MEHMET
pyrimidine,"[650227, 650228, 650229, 650230, 650231, 650232, 650233, 650234, 650235, 650236, 650237, 650238, 650239, 650240, 650241, 650242]",PRMDIN
"naphthalene-1,2-dione",[1049886],ZZZJIE
2-nitrosotoluene,[885016],VIYMEX
trans-dehydrocrotonin,[70155],BOJGUC
SSZ-87,[251447],FUFPUT
terfenadine,[208741],EWEMIF
2b,"[925809, 953754]",XERPUH
"1,4,7-triazacyclononane",[354073],IKASUK
norditerpene,[268841],GEJBOP
MPB-91,[376549],IXUJIU
3-acetyl-4-hydroxycoumarin,[927896],WOKPER
buprofezin,"[584729, 584730]",ODUDAV
polydatin,[1018711],YUTPUB
Poly(L-proline),[920952],WIMWOE
"[2,2]-paracyclophane","[174375, 174376, 174377, 174378]",DXYLEN
methanamine,"[507927, 507928, 507929, 507930]",METAMI
.,"[46379, 46383, 46387, 46391, 387452, 708940]",JEBHII
aragonite,"[447427, 447428, 447429, 447430]",KUNHEI
"2,3-dichloro-1,4-naphthoquinone",[141017],DCLNAP
5-chloro-7-iodoquinolin-8-ol,[108524],CIQUOL
4-Chloroaniline,"[111914, 111915]",CLANIC
ACS-4,[621657],PATDUM
heptahelicene,"[330466, 330467]",HPTHEL
v,[850448],USELEM
4-bromobenzaldehyde,[997562],YICFEV
diferrocene,[60980],BIFERO
FIR-53,[74753],BOWZOE
D-Arabinitol,[892428],VOZMAY
mifepristone,[1032317],ZIDLED
salonitenolide,[218668],FAJVAR
tetrathiafulvalene,"[51145, 51146, 51147]",BDTOLE
4-hydroxybenzophenone,[983826],YAJPUV
myo-Inositol,"[536099, 536100]",MYINOL
"1,2-Naphthoquinone",[1049885],ZZZJIE
ZIF-67,[280354],GITTOT
cocaethylene,[142199],DEDNOS
9-phenylanthracene,[697663],QURDOY
9H-fluoren-9-one,"[241706, 241707, 241708]",FLURON
Mg-CUK-1,"[571647, 571648]",NUDLOP
N-Hydroxysuccinimide,[360400],INEJOA
pyrogallol,"[659232, 659233]",PYRGAL
AM2233,[626919],PEHTUS
5-Ethynyl-2'-deoxyuridine,[206239],ETYXUR
1-Phenyl-3-(2-thiazolyl)-2-thiourea,[928564],WOMDEH
"2,4,6-Trinitrotoluene","[1050279, 1050280, 1050281, 1050282, 1050283, 1050284, 1050285]",ZZZMUC
UiO-66,"[732299, 732302]",RUBTAK
"5-nitro-2,4-dihydro-3H-1,2,4-triazol-3-one",[690580],QOYJOD
MIL-88B(Fe),"[302288, 302289]",HAMXIG
DL-Selenomethionine,[99754],CERGEL
thiourea,"[799402, 799403, 799404, 799405, 799406, 799407, 799408, 799409, 799410, 799411, 799412]",THIOUR
IMP-29,[559293],NIQNUZ
ROY,"[667750, 667751, 667752, 667753, 667754, 667755, 667757, 667758, 667759, 667760, 667768]",QAXMEH
2-fluorobenzaldehyde,[783848],TAHPIF
fuziline,[774215],SUDLAH
diacetylcurcumin,[213004],EYIZER
"2,4,6-trinitrobenzaldehyde",[661707],QAGVED
ethane,"[204838, 204839, 204840, 204841, 204842, 204843, 204844, 204845]",ETHANE
benzophenone,"[75934, 75935]",BPHENO
cis-Resveratrol,[740416],SACPOE
UIO-67,[924662],WIZMAV
GCP-2,[52518],BEFNUX
SCU-7,[605345],OSORUL
INT-2,"[1020775, 1020776]",ZABYEJ
vardenafil,[840292],ULAVAH
cytosine,[131078],CYTSIN
bis(dicyclohexylphosphino)methane,[639179],PIRNIN
dicyanoacetylene,[141097],DCYANM
chlorofluoromethane,[350653],IHERES
tryptoquivaline,[940567],XABXUW
hexachloroethane,"[312350, 312351, 312352, 312353, 312354, 312355, 312356]",HEXCET
CS-87,[264550],GATHOY
1-pentanol,[330198],HOZTAS
"4'-ferrocenyl-2,2':6',2''-terpyridine","[991069, 991070, 991071, 991072]",YEFJOI
m-Tyrosine,[528007],MTYROS
julolidine,[146456],DESJET
propanenitrile,[168162],DUGGIY
4-aminobenzohydrazide,[577057],NUVXIM
norpinguisone,[600395],OPELAX
octafluoronaphthalene,[586385],OFNAPH
"2-amino-2-(hydroxymethyl)propane-1,3-diol","[799522, 799523, 799524, 799525, 799527]",THXMAM
BUT-39,[200040],ERAMES
MIL-53as,"[514121, 514122]",MINVOU
bayogenin,[601218],OPUGAI
diphenyl,[909444],WECLUN
"L-156,602",[398955],JOCRAU
FG7142,[213080],EYOGEE
3-phenoxybenzaldehyde,[657395],PUWNEC
m,[979500],XUWCIC
PLS-1,[901499],WADTEB
V101,[390117],JEMPEZ
MCF-13,[754103],SEQQOX
isophthalaldehyde,[350581],IHEMIR
tolnaftate,"[921162, 921163]",WINJUB
FOX-7,"[750095, 750096, 750097, 750098, 750099, 750100, 750101, 750102, 750103, 750105, 1062274, 1062275, 1062276, 1062277, 1062278, 1062279, 1062280, 1062281, 1062282, 1062283]",SEDTUQ
NU-125,[716022],REWNEO
hexafluorobenzene,"[313557, 313558, 313559, 313560, 313561, 313562, 313563, 313564, 313565, 313566, 313567, 313568, 313569, 313570, 313571, 313572]",HFBENZ
HMR1556,[345936],IDUSUV
MUT-1,[525942],MOXHUF
4'-dimethylamino-3-hydroxyflavone,"[46661, 46662]",BANJEH
(S)-Naproxen,[120947],COYRUD
"2,6-difluorophenol",[29286],ASAZIG
6-Azauridine,[41965],AZURID
"3,5,3'-tri-iodo-L-thyronine",[805537],TITHYN
"3,4-Diaminopyridine",[715844],REWBOL
DMOF,"[320298, 1082543, 1082544, 1082545, 1082546, 1082547, 1082548, 1082549, 1082550, 1082551, 1082552, 1082553, 1082554, 1082555, 1082556, 1082557, 1082558, 1082559, 1082560]",YOLKUH
L1,[786671],TAPYIU
meglumine,"[577884, 577885]",NUYJEW
"1,1'-Binaphthyl",[67673],BNPHTA
hexamethyldisilathiane,[686824],QOMWUM
p-Aminophenol,"[21260, 21261]",AMPHOL
reo-MOF-1,[1015279],YUJGES
n-heptane,[310265],HEPTAN
BSF-3,[255965],FUVFAG
piperazine,[370591],ITIZOA
"1,1-dichloroethane","[723314, 723315, 723316, 723317]",RIVDOQ
"1,3-diphenyl-1,3-propanedione","[140786, 140787, 140788, 451320]",DBEZLM
5a,[953762],XERQES
cubebin,[186316],EHIZIG
cyclohexanol,"[692160, 692161]",QQQEJV
"1,2,4,5-tetrabromobenzene","[796702, 796703, 796704, 796705, 796706, 796707, 796708, 796709, 796710, 796711, 796712, 796713]",TETBBZ
dipropylamine,[470790],LIHKOF
"1,4-Cyclohexadiene",[860486],VACCEH
"3,3',4,4'-Tetrachlorobiphenyl","[252081, 252082]",FUHDAN
cavidine,[872658],VELXEQ
"5,11-dimethyl-6H-pyrido[4,3-b]carbazole","[192089, 829698, 1054021]",UDIHAT
portimine,[530968],MUKWIB
UiO-68,[1079874],UVAHIK
V102862,"[816689, 816690]",TUBRAJ
KS8,[865360],VAPRAF
SU-M,[419582],KAYJIE
photomerocyanine,[525409],MOVYIF
Ru-PMOF-1(Hf),[714423],RERTUG
"N,N,N',N'-Tetramethyl-p-phenylenediamine",[808269],TMPPDA
acetonitrile,"[691831, 691832, 691833]",QQQCIV
taselisib,[482975],LOTGUZ
MAF-2,[1052349],BOGXIF
2-ethoxybenzamide,[169574],DUKXAJ
(-)-lobeline,[998860],YIGQOV
HIF-1b,[401592],JOLTIQ
tetramethyltetraselenafulvalene,[808027],TMBDSE
cimetidine,"[107069, 107070]",CIMETD
para-xylene,[1066075],ZZZITY
"1,2,3,4,5,6-hexachlorocyclohexane","[306420, 306421, 306422]",HCCYHG
"1,3-benzoxazol-2(3H)-one",[84697],BZOXZO
"1,3-Dinitrobenzene","[157535, 157536, 157537, 157538, 157539]",DNBENZ
5-Hydroxyflavone,[422734],KEJBAC
"1,3,5-triethynylbenzene",[558022],NIMREG
benzo[ghi]perylene,"[67668, 67669]",BNPERY
5CB,[733459],RUGFII
2-Hydroxybiphenyl,[234655],FIFMAI
"10-methyl-9,10-dihydroacridine",[129272],CUWCUV
2'-Deoxycytidine,[174334],DXCYTD
"N,N-dimethylformamide","[416787, 416788, 416789, 416790, 416791, 416792, 416793, 416794, 416795, 416796, 416797, 416798, 416799]",KAQPUN
2-isopropyl-5-methylphenol,[1070680],IPMEPL
nateglinide,"[231873, 231874, 231875, 231876]",FEWNUT
"2,4-Dinitroanisole","[230599, 230600, 230609, 230610, 230611, 230612, 230613, 230614, 230615, 230616, 230617, 230618, 230619]",FESNEW
"4,4'-bis(diethylamino)benzophenone",[1004090],YIXRIH
4-methylacetanilide,[4852],ACTOLD
murrayanine,[206431],EVALIZ
"2,6-diformyl-4-methylphenol",[53822],BEJYIY
"3,4-Benzopyrene",[67689],BNPYRE
Mer-NF8054X,[1014471],YUFZUU
porphycene,"[407621, 407624]",JULWAR
ICR-3,[891848],VOXFIA
"2,2'-dihydroxybenzophenone",[36607],AWULIO
galanthamine,[757207],SIBHAM
cobaltocene,[141099],DCYPCO
olanzapine,[845171],UNOGIN
CPF-5,"[224969, 393205]",JIBNEQ
"1,4-bis(1H-imidazol-1-yl)benzene",[336839],HUVHAJ
"2,2',4,4',5,5'-Hexachlorobiphenyl","[173436, 173437]",DUXRAP
UMCM-1,"[434209, 434210]",KISXIU
fentiazac,[624281],PCPTZA
4-(Methylnitrosamino)-1-(3-pyridyl)-1-butanone,[825019],UBENOE
2-hydroxybenzaldehyde,[981965],YADJOE
V105,[570201],NOYWEG
decaphyrin,[442209],KOVCAC
PF1022A,[523981],MORJEI
6a,[953766],XERQIW
luminol,"[450748, 450749]",KUYPAV
azepan-2-one,"[89727, 89728, 89729, 89730, 89740, 89741, 89742, 89743]",CAPLAC
xylitol,"[26880, 195648, 980934, 980935, 980936, 980938, 980939, 980940, 980941, 980942, 980943, 980944, 980946, 980947, 980948, 980949, 980950, 980951, 980952, 980953, 980954, 980955, 980956, 1081745]",ARABOL
eupomatenoid-6,[380099],IZOQAS
ZIF-25,[648232],POVNIA
tetrachlorocatechol,[1082813],ZALSAK
uscharin,[765673],SOBLIG
4-Nitrophenol,"[560534, 560535, 560536, 560537, 560538, 560539, 560540, 560541]",NITPOL
3-hydroxypyridine,[64989],BIRYIK
4-Chloro-1-naphthol,[73877],BOTSOT
"3,4-Dihydroxybenzaldehyde",[498762],MASBUD
ZIF-7,"[689559, 872620]",VELVIS
prop-2-enamide,"[27276, 27277]",ARCLAM
"1,3,5-Triaza-7-phosphaadamantane",[790193],TAZPAD
n-hexadecane,[692332],QQQFBP
ST-15,[953495],XEQYEA
"2,3-dichloroquinoxaline",[184633],EGOSOK
DL-homocysteine,"[1007700, 1007701, 1007702, 1007703, 1007704, 1007705, 1007706, 1007707, 1007708, 1007709, 1007710]",YOJXOM
furan-2-carbaldehyde,[1038618],ZOGQEU
10,[501161],MAYSIQ
"1,2-Ethanediamine",[204374],ETDIAM
cyhalothrin,[1064188],VOJHEI
"1,3-dimethyladamantane",[254010],FUNZOG
triphenylmethanol,"[443118, 443119]",KOYNOB
2-Naphthol,[541386],NAPHOB
TMC-1,[91680],CATXED
2-Amino-4-nitrophenol,[563885],NODTIJ
"4,4'-Bipyridine",[318810],HIQWEJ
1-methylhydantoin,"[210025, 210026, 210027]",EWUVEY
MIL-67,[840044],ULACIT
callicarpenal,[590155],OHIPUR
bentazon,"[223696, 223697]",FAXVAB
"3-(4-chlorophenyl)-1,1-dimethylurea",[121779],CPHMUR
1-bromoadamantane,[160789],DOKXIL
31,[9271],AFUHIT
INT-3,"[1020780, 1020781]",ZABYIN
Y6610,[525793],MOWYON
griseofulvin,"[289509, 1055752, 1055753, 1055754, 1055755, 1055756, 1055757, 1055758, 1055759, 1055760, 1055761, 1055762, 1055763, 1055764, 1055765, 1055766, 1055767, 1055768, 1055769, 1055770, 1055771, 1059752]",GRISFL
poly(propylene),"[920900, 921844]",WIQLEN
cholest-4-en-3-one,[103206],CHOENO
ZIF-2,[871899],VEJYIT
tris(2-pyridylmethyl)amine,[298515],HACXAN
"1,3,5-trichlorobenzene","[790674, 790675]",TCHLBZ
triazolopyrazine,[82782],BUVXEX
diphosgene,[345032],IDIQUI
1-hydroxypyrene,"[476196, 476198, 476203, 476206, 476209, 476216, 476219, 476224, 476228, 476232, 476237, 476241, 476245, 476249, 476253, 476257, 476261, 476265, 476269, 476404, 476405, 476406]",LIXQOB
SF2315A,[862185],VAGWIJ
r,[949353],XEDCAM
pentachloropyridine,"[624230, 624231, 624232, 624233, 1046883]",PCLPYR
ceftibuten,[1056941],JECCAZ
acyl-CoA,[818290],TUGZAW
DL-proline,[664577],QANRUT
5-Trifluoromethyl-2'-deoxyuridine,[241743],FMDURD
ambrisentan,[146795],DETGUH
"1,2,3,4-tetrachlorobenzene","[557446, 557447]",NILJOK
2-(chloromethyl)pyridine,[200278],EREBOV
(R)-flurbiprofen,[981812],YACZIO
ferrocene,"[230105, 230106, 230107, 230108, 230109, 230110, 230111, 230112, 230113, 230114, 230115, 230116, 230117, 230118, 230119, 230120, 230121, 230122, 230123, 230124, 230125, 230126, 230127, 230128, 230129, 230130, 230131, 230132, 230133, 230134, 230135, 230136, 230137, 230138, 230139, 230140, 230141, 230142, 230143, 230144, 230145, 230146, 230147, 230148, 230149, 230150, 230151, 230152, 230153, 230154, 230155, 230156, 230157, 230158, 230159, 1021712, 1021713, 1021714, 1021715, 1021716, 1021717, 1021718, 1021719, 1021720, 1021721, 1021722, 1021723, 1021724, 1021725, 1021726, 1021727, 1021728, 1021729]",ZAGHEY
hydroquinone,"[339032, 339033]",HYQUIN
"2,2,2-trifluoroethanol","[438684, 438685]",KOHCUI
"1,2-bis(diphenylphosphino)ethane",[166259],DPPETH
"6,13-dichloropentacene",[225482],FECZOE
"1,2,3-trichloropropane","[673248, 673249]",QESGOL
"1,4-Dioxane","[125556, 125557, 125558, 125559]",CUKCIU
tetralone,[303327],HARCEL
GBR12909,[344999],IDINOY
[6]cycloparaphenylene,[151201],DIHBEE
"1,4-anthraquinone",[112824],COBBIE
Co-ZIF-9,[689566],QOVXEG
mersicarpine,[157781],DOBMUD
2-amino-4-methylphenol,[266786],GEBVAK
tris(o-phenylenedioxy)cyclotriphosphazene,[159139],DOFSUM
"1,1'-binaphthalene-2,2'-diol","[64850, 839047]",UKILAC
2-chloro-4-nitroaniline,[112165],CLONAN
L-Cystine,"[460357, 460358, 460359, 460360, 460361]",LCYSTI
melamine,"[1058867, 1058868]",MELAMI
isonicotinamide,[186659],EHOWIH
MIL-61,"[296729, 620926]",GUXQEV
JLU-Liu33F,[236323],FIKPUN
PLP-2,[931305],WOWHEY
picene,[1050539],ZZZOYC
phthalonitrile,"[406193, 564577, 886333, 886335, 886341, 886363, 886364]",NOGNII
MOC-25,[48279],BASKUE
"1,3,5,7-tetranitro-1,3,5,7-tetrazocane","[324611, 581470, 581471, 581472, 581473, 581474, 581475, 581476, 581477, 581478, 581479, 581480, 581481, 581482, 581483, 581484, 581485, 1075119]",OCHTET
4a,[953758],XERQAO
X-2,[817799],TUFSAP
4H-chromen-4-one,[842897],UMILUZ
paeoveitol,"[560904, 560905]",NIVLAH
"5,7-dihydroxy-3-(4-hydroxyphenyl)-4H-1-benzopyran-4-one",[270222],GENIST
"1,1'-binaphthyl",[63636],BINAPH
thiacloprid,"[1063266, 1063267]",URAXOB
T-3256336,[854978],UWEYUS
2-cyanoguanidine,[130765],CYAMPD
acetamide,[3381],ACEMID
"5,5'-dibromo-2,2'-bithiophene",[1069052],GAKVET
TOC-1,[524952],MOTRUL
6-methoxy-2-naphthaldehyde,[310617],HEQXOR
ZIF-10,[871927],VEJZIU
cubane,[122703],CUBANE
ZIF-8,"[222998, 222999, 223000, 223001, 223002, 585802, 585805, 585809, 585811, 585813, 631359, 817265, 817268, 817273, 817277, 817281, 817285, 817288, 817292, 872625, 1075256]",PEVFON
PSS-1,[7761],AFASEI
5-Bromo-2'-deoxyuridine,"[76350, 76351]",BROXUR
M-MPEP,[60835],BIDVOA
mandipropamid,[575142],NUPVAX
n-Decane,"[692327, 692328]",QQQFBG
dianthraquinone,[136268],DANTEN
herkinorin,[88465],CALBAV
2-thiouracil,"[821425, 821427]",TURCIL
marbofloxacin,[988326],YAWKEO
A83586C,[861589],VAFPEX
COF-TpPa-1,[996828],YEZJIY
2-Aminoanthraquinone,[1020045],YUYNAH
t,[675082],QEZDAB
NU-1000,"[234549, 469100]",LICGOW
"4,13-diaza-18-crown-6",[808475],TOAZOC
cadaverine,[677655],QIHPEC
hydroxamic,[477557],LOBWIJ
indole-3-carbinol,[695874],QULGUB
carolacton,[450588],KUYDIS
bosutinib,[518],ABEDUJ
PF1018,[469435],LIDBAB
o-Aminoazotoluene,[492485],MAAZBZ
hemiporphycene,"[265480, 265481, 265482]",GAWNAW
IMP-26,[1035125],ZIQQIC
N-Methyl-N'-nitro-N-nitrosoguanidine,[564695],NOGUNA
CORM-3,[429601],KIDFUZ
5-Fluorouridine,[139584],DAXGEP
ZIF-93,[648231],POVNEW
3b,"[167758, 537364]",DUFCUE
"1,2,4,5-tetracyanobenzene","[790960, 790961, 790962, 790963, 790964, 790965]",TCYNBZ
4c,[354335],IKEMIV
2'-Deoxyuridine,[163950],DOURID
ethanamine,[682976],QOBGUL
mildronate,[269030],GEJQOE
HU14,[894752],VUHZEG
"1,4-dithiane",[154569],DITHAN
2-methyl-4-nitroaniline,"[44989, 44990]",BAJCIY
5-Hydroxyindole,[401533],JOLMOM
"4,4-Difluoro-4-bora-3a,4a-diaza-s-indacene","[1011791, 1011792]",YOWVOW
9H-thioxanthen-9-one,"[260909, 1050330]",ZZZNIY
(S)-oxiracetam,[574480],NUNBIK
"1,1,2,3,4,5-hexaphenylsilole",[199812],EQUXAP
2-methylphenol,"[582528, 582529]",OCRSOL
5-bromouracil,[76412],BRURAC
FR900359,[276113],GIHKOX
N-Methylacetamide,[507921],METACM
dantrolene,"[592512, 592514, 592515, 592516, 592517]",OJOYIY
n-Propylamine,[682988],QOBHEW
C158,[478345],LODSAY
"2,4,6-triphenyl-1,3,5-triazine",[816113],TPTRAZ
"2,5-Dimethylpyrazine","[924526, 924527]",WIZFEQ
"3-nitro-1H-1,2,4-triazole","[104877, 104878]",CIFROY
hexamethylenetetramine,"[338870, 338871, 338872, 338873, 338874, 338875, 338876, 338877, 338878, 338879, 338880, 338881, 338882, 338883, 338884, 338885, 494435]",MAGXIF
alloxan,"[19177, 19178, 19179, 19180, 19181, 19182, 19183, 19184, 19185]",ALOXAN
taxiresinol,[367378],IRUXUO
iodiconazole,[461865],LEFROF
imine,[386529],JAXHUM
o-Cresol,[582527],OCRSOL
benzeneselenol,[406972],JUJPAH
"1,3-distearoyl-2-oleoylglycerol","[390147, 390148]",JEMRUP
TMU-40,"[464224, 464225]",LEMQOM
4-methylbenzenethiol,[4002],ACITOY
diversonol,[478833],LOFZUC
V102,[390120],JEMPID
6-Hydroxyflavone,[892959],VUCFUU
pazopanib,[1297],ABIREM
chrysosplenetin,"[689837, 689838]",QOWPIE
"4,4'-isopropylidenediphenol",[96324],CEGYOC
"3,4,5-trichlorophenol","[859706, 859707, 859708, 859709, 859710]",UZOWEM
-iron,[420284],KCROFE
"3,3'-diindolylmethane","[313372, 313373, 313374, 313375, 313376]",HEZQIN
adiponitrile,[53915],BEKFEF
COF-5,[708273],RAYQAK
piperine,"[638504, 638505]",PIPINE
LB20304,[569141],NOVCUW
o-Phthalaldehyde,[350574],IHEMAJ
1d,[718339],RIDLIA
3-Chlorophenol,"[664221, 664222]",QAMVEG
"N,N-Dimethylformamide",[416786],KAQPUN
4-Hydroxyacetophenone,[298457],HACTPH
"1,4-dibromobenzene","[109312, 109313]",CISTON
"5,5'-dibromo-2,2'-bipyridine",[784090],TAJBOV
PHI492,[251766],FUGKIB
ticagrelor,[390179],JEMWIK
4-chlorobenzonitrile,"[111989, 111990, 111991, 111992, 111993, 111994, 111995, 111996, 111997, 111998, 111999, 112000, 112001, 112002, 112003, 112004, 112005]",CLBZNT
1-Hydroxybenzotriazole,[85513],CACHAP
4-Aminopyridine,"[21299, 21300]",AMPYRE
HPM-1,[293753],GUNVOC
"2,1,3-benzoxadiazole",[55614],BEOXAZ
dibenzotetrathiafulvalene,[64844],BIRKIW
BrettPhos,"[415716, 415717]",KAMRIC
decursin,[1025999],ZEBCIU
clofentezine,[72574],BOQDES
artabotrine,[1026193],ZEBWEI
TMOF,"[90107, 598230]",OMOVET
urea,"[848775, 848776, 848777, 848778, 848779, 848780, 848781, 848782, 848783, 848784, 848785, 848786, 848787, 848788, 848789, 848790, 848791, 848792, 848793, 848794, 848795, 848796, 848797, 848798, 848799, 848800, 848801, 848802, 848803, 848804, 848805, 848806, 848807, 848808, 848809, 848810, 848811, 848812, 848813]",UREAXX
transplatin,"[17433, 17434]",AKUVUA
5-Chlorouracil,"[112327, 112328]",CLURAC
PCM-1,[589611],OHECEM
COF-1,[708269],RAYPUD
maltitol,[67193],BIZHIB
NPC-5,[959239],XIJJEH
SSZ-35,[413015],KAFWAR
L-Histidine,[468535],LHISTD
COE-3,[68753],BODNOZ
"9,10-Anthraquinone",[23034],ANTQUO
calocephalin,[254930],FURLEL
egonol,[878050],VICSAE
"1,2-bis(2-methyl-5-phenyl-3-thienyl)perfluorocyclopentene","[479694, 479695, 479696]",LOJKOK
pentacene,"[628691, 628692]",PENCEN
pentafluorophenol,[826735],UCAYED
2-fluorotoluene,"[997564, 997565, 997566]",YICFEX
ZIF-62,[695530],QUKGUB
dehydroaustinol,[825103],UBETOO
thiamethoxam,[302440],HANFIM
9-methyladenine,"[502319, 502320]",MEADEN
n-Dodecane,[692329],QQQFBJ
NTU-9,"[23676, 885477]",APAZEY
3-formylchromone,[20741],AMITEW
BCTC,[520866],MOJCUK
JD-3,[40419],AZARIF
APDA,[460427],LEBCIE
gandotinib,"[69602, 69603]",BOGXAZ
p-Chloroaniline,"[111911, 111912, 111913]",CLANIC
"imidazolidine-2,4-dione","[617770, 617771]",PAHYON
dabcoHBr,"[928498, 928499]",WOLZAY
SZ-2,[47864],BARLEO
"1,3-dichlorobenzene","[2239, 2240, 2241, 2242, 2243, 2244, 2245, 2246, 2247]",ABUMOZ
(-)-Adrenaline,[7041],ADRENL
AMD473,"[571566, 571567]",NUDGIC
8-Hydroxyquinoline,"[338926, 338928]",HXQUIN
bisdehydrostemoninine,[474192],LIRNOS
"1,3-Propanediol",[666629],QATTEK
CCP-2,"[222350, 222351]",FATMAR
inosine,[361282],INOSIN
ent-sauchinone,[216688],FADRAF
PCP-2,"[238731, 381424]",JADCEZ
CP2,[612274],OYAFOL
"5,11-dihydro-6H-pyrido[2,3-b][1,4]benzodiazepin-6-one",[444691],KUDXOY
"N,N-Dimethyltryptamine","[157497, 157498]",DMTRYP
IB1,[853045],UVADOL
austinol,"[825107, 825108]",UBETUU
(-)-hopeaphenol,[368369],ISINOP
2,"[46848, 89044, 450741, 496361]",BANYEV
"1,8-Octanediol",[666650],QATVEM
vernodalinol,[301837],HAMBOP
MR889,[988477],YAWVOH
dihydrocoumarin,[150888],DIGGAE
triphenylphosphine,[650659],PTRPHE
tris(pyrazol-1-yl)methane,[378957],IZANOM
8,"[446061, 676762]",QIFCUD
"[1]benzothieno[3,2-b][1]benzothiophene","[642822, 642823, 642824, 642825]",PODKEA
p-Dichlorobenzene,"[140983, 140984, 140985, 140986, 140987, 140988, 140989, 140990, 140991]",DCLBEN
"2,6-Dinitrotoluene","[1050802, 1050803]",ZZZQSC
biuret,[1050131],ZZZLQC
1-decyne,[444167],KUCPEF
brivaracetam,[542894],NASROP
1-acetylpyrene,[182567],EFONIY
"2,5-Dimethylphenol",[157380],DMPHOL
NUD-1,[330047],HOZJEN
enrofloxacin,[957389],XICPAC
"2,5-dichloro-1,4-benzoquinone","[84770, 84771]",BZQDCL
2-Chloro-2'-deoxyadenosine,[347536],IFOSAY
3-Isobutyl-1-methylxanthine,[101671],CEWVIJ
D-Mannitol,"[157097, 157098, 157099, 157100, 157101, 157102, 157103, 157104, 157105]",DMANTL
2-Pyridone,"[659250, 659251]",PYRIDO
ruthenocene,[130827],CYCPRU
n-Butane,[167065],DUCKOB
UiO-67,"[924650, 924651, 924652, 924654, 924655, 924656, 924657, 924658, 924659, 924660, 924661, 1080836]",WIZMAV
N-Iodosuccinimide,"[1051438, 1051439]",ZZZVCQ
BN3,[579097],OBEXIC
ZIF-L,[374693],IWOZOL
"19-nor-4-androstene-3,17-dione",[25369],AQAXUM
5-Methyl-2'-deoxycytidine,[271354],GERGAL
trans-azobenzene,[41314],AZOBEN
3-Nitrophenol,"[518325, 518326, 518327, 518328, 518329, 518330, 518331, 518332, 518333, 518334, 518335, 518336, 518337, 518338, 518339]",MNPHOL
antipyrine,[23020],ANTPYR
3-Aminophenol,[496780],MAMPOL
p-Nitroanisole,[641926],PNIANS
14b,[501164],MAYSOW
6,"[534346, 843629]",MUVYAD
2-nitrophenol,[599392],ONITPH
3'-Deoxy-3'-fluorothymidine,[875466],VEVBUT
sulfate,[949251],XECVOS
poly(oxymethylene),[314435],HICXIA
quinolin-2(1H)-one,[338936],HXQUIO
5-Fluorocytosine,"[502601, 502602]",MEBQEQ
"9,10-phenanthrenequinone","[1049837, 1049838, 1049839, 1049840]",ZZZIYE
AT2,[833189],UGEWIO
o-phthalaldehyde,[350573],IHEMAJ
PCP-1,"[238726, 381419, 385323, 385324, 385325, 476288]",JADCAV
IMP-15,[219674],FALTUJ
"1,2-bis(phenylethynyl)benzene",[856195],UXEBIK
"3,4-dimethoxyphenol",[381611],JADNUA
"1,2-dibromobenzene","[767004, 767005, 767006]",SOFWIV
"2,2',4,4'-tetrachlorobiphenyl",[44966],BAJBIA
diphenylmethanol,[1014944],YUHHUE
MOC-19,[130330],CUYZON
"1,2,3,9-tetrahydro-4H-carbazol-4-one",[387108],JAZDOD
4-Fluorophenol,"[691618, 691619]",QQQBNG
UPC-10,[665671],QARLIH
"1,3-Diphenylisobenzofuran","[155479, 155481, 155482]",DIWMOM
thiophene,[1083539],ZZZUXA
[2.2]Paracyclophane,"[174365, 174366, 174367, 174368, 174369, 174370, 174371, 174372, 174373, 174374]",DXYLEN
thiophene-3-carboxamide,[338394],HUZGOB
"1,3,5-trinitro-1,3,5-triazinane","[122537, 122538, 122539, 122540, 122541, 122542]",CTMTNA
dimethomorph,[736880],RURLIB
HMPM,[618660],PALFEO
o-Terphenyl,"[796154, 796155, 796156]",TERPHO
pregnenolone,[418218],KATXAG
benzamide,"[84410, 84411, 84412]",BZAMID
ulimorelin,[991949],YEHSOV
AZD1979,[354250],IKEGAI
pleiocarpine,[510942],MIDRID
m-Xylene,[1051042],ZZZSPY
"dibenzo[a,h]acridine",[779859],SUWMIJ
X-7,[817802],TUFSET
HEPES,"[922140, 922144]",WIRMOZ
plutonocene,[174129],DUZMUJ
"4,4'-Bipyridyl","[318808, 318809]",HIQWEJ
cryptotanshinone,[707066],RAVSOX
E-4767,[1009604],YOPWUV
9-methylacridine,[697545],QUQWEG
erioflorin,[742949],SAJRAZ
MFF-1,[592714],OJUPEQ
4,"[661004, 780756, 988312]",QAFKEP
siderite,"[203779, 203780, 203781, 203782, 203783, 203784, 203785, 203786, 203787, 203788, 203789, 203790, 203791, 203792, 203793, 203794, 203795, 203796, 203797, 203798, 203799, 203800, 203801, 203802, 203928, 203929, 203930, 203931, 203932, 203933, 203941, 203945, 203949, 203953, 203957, 203961, 203965, 203969, 203973]",ETAHAK
condelphine,[950620],XEHGAT
3'-Azido-3'-deoxythymidine,"[240543, 240544, 240545, 240546, 240547, 240548]",FIXGAU
L-Serine,"[484587, 484588, 484589, 484590, 484591, 484592, 484593, 484597, 484626, 484627]",LSERIN
thiobenzamide,[1041081],ZORSEG
SB-3CT,[398399],JOBHIS
avaroferrin,"[797323, 797324]",TEVMUF
PCM-14,"[91908, 91912]",CAVLIW
quinclorac,[323650],HOFPUO
ZJU-36,[471572],LIKDOA
"3,5-Diphenyl-1H-pyrazole",[452358],LADBIB
6-Thioguanine,[799343],THGUAN
4-cyanobenzaldehyde,[1042162],ZOXHOM
"1,3,5-trinitrobenzene","[808439, 808440, 808441, 808442]",TNBENZ
ronidazole,[769430],SONDEE
carbamazepine,"[93903, 93905]",CBMZPN
pinostrobin,[421160],KEDDAY
A132,[866628],VASWIW
sanguinine,[824330],TUZRIS
PPF-1,"[894527, 894528]",VUHJEO
glycolide,"[538736, 538737, 538738, 538739, 538740]",NAHNIT
apabetalone,[209441],EWOJOS
4-nitroaniline,"[540923, 1074350]",NANILI
azulene,[41272],AZLENE
benzil,[55588],BENZIL
"1,1'-biphenyl",[64187],BIPHEN
osthole,[383174],JAKFIK
deoxynyboquinone,[177252],ECANUT
ascofuranone,[342658],ICIQEU
"dibenzo[b,d]thiophene","[140898, 140899, 140900, 140901, 1068042]",DBZTHP
L-Isoleucine,"[474565, 474566, 474567]",LISLEU
"2,6-Dichlorobenzonitrile","[254510, 254511]",FUQJEG
MPB-07,[376545],IXUJEQ
azaconazole,[346052],IDUZIR
9H-carbazole,"[122246, 122247, 122248, 122249, 122250, 122251]",CRBZOL
e,[365456],IQUTOE
5-Hydroxymethyl-2'-deoxyuridine,[322121],HMDOUR
carbazole,[440401],KOMRIO
"4,4'-Methylenedianiline",[96374],CEHCOH
desglucouzarin,[936860],WUQFOG
o-Phenanthroline,[600416],OPENAN
"1,3,5-trifluoro-2,4,6-triiodobenzene",[827042],UCEPEY
"1,1,1-trichloro-2,2-bis(4-chlorophenyl)ethane","[122079, 122080]",CPTCET
FJ1,[181545],EFAWUD
(+)-hopeaphenol,[368357],ISINIJ
4-methoxy-1-naphthaldehyde,[930490],WOSNEZ
DL-menthol,[1027190],ZEGDIA
cyheptamide,[797423],TEVSOD
belinostat,[380259],IZUCAK
tolvaptan,[565704],NOKGAY
triflamide,[160917],DOLDIT
diethylamine,"[470763, 470764]",LIHJAQ
s,[225992],FEFMEJ
"1,2,4-Triazole","[816156, 816157, 816158, 816159]",TRAZOL
"2,5-Anhydro-D-mannitol",[88436],CAKYUI
UPC-15,[334469],HUMWET
diisobutylamine,[470768],LIHJEU
HFO-1234yf,[727674],ROHTOZ
"1,1,1,3,3,3-Hexafluoro-2-propanol",[711835],REKJOH
lactucopicrin,[197110],EPEXOP
HU15,[699564],QUXZIU
HKUST-1,"[68758, 163820, 485420]",DOTSOV
"2,5-diiodothiophene","[775376, 1062497]",SUJCOS
5-Methylchrysene,[97441],CEKRAL
tetrafluoromethane,"[1063160, 1063161, 1063162]",TFMETH
"2-Amino-4,6-dinitrotoluene",[367753],ISAXUV
2-hydroxybenzamide,[743775],SALMID
5-Bromouracil,"[76409, 76410, 76411]",BRURAC
(-)-jiadifenolide,[334699],HUNNOU
tomatidenol,[351508],IHOVEI
"UK-370,106",[194162],EMONID
"2,3,4,9-tetrahydro-1H-carbazole","[479569, 479570]",LOJCIX
"2',4-dihydroxychalcone",[299949],HAGZOH
"[1,2,4]triazolo[4,3-b][1,2,4,5]tetrazine",[762686],SISFUY
isoindolin-1-one,[604078],ORUGIT
phenylacetylene,"[558026, 558027, 558028, 558029, 558030, 558031, 558032]",NIMRIK
cladosporin,[960339],XIMCON
5-chlorouracil,[112329],CLURAC
UT-5,[809092],TOCZOA
D-Ribose,"[1049452, 1049453, 1049454, 1049455]",ZZZFEE
ST-2,[388922],JEHBIK
asperenone,[479350],LOHMEB
berkeleydione,[774426],SUFCON
C,[659501],QABDEE
TTF-1,[430767],KIGZEH
"1,5-Anhydro-D-glucitol",[97922],CELTUI
9-phenanthrol,[128451],CUTCAW
triphenylsilane,"[815861, 815862, 1063193, 1063194, 1063195, 1063196, 1063197]",TPHSIL
mequitazine,[740357],SACLAN
4-iodoaniline,"[1068169, 1068170, 1068171]",EJAYET
dibenzoborole,[745784],SARRAG
ZIF-11,[871930],VEJZOA
aceclofenac,[74937],BOXMUZ
biatractylenolide,[874058],VEQPEM
7,"[179955, 765271, 1055877]",HAWHOG
oxazine,[529161],MUDWIT
6-Hydroxymelatonin,[760448],SILDIA
"2,4-diamino-1,3,5-triazine",[719420],RIHDIW
"1,2-dimethylbenzene","[1050923, 1050924, 1050925, 1050926, 1050927, 1050928, 1050929, 1050930, 1050931, 1050932, 1050933, 1050934, 1050935, 1050936, 1050937]",ZZZRTI
tribromoimidazole,[74636],BOWROW
"5,10,15,20-tetraphenylporphyrin","[815850, 815851]",TPHPOR
piperaquine,[848688],URAWAN
1-benzhydrylpiperazine,[828119],UCOVUE
propanal,[1074922],NAVVAL
chloroazaphilone,[369590],ITAMAR
7-Deaza-2'-deoxyguanosine,[225975],FEFLIM
6-chlorouracil,"[772996, 773003]",SOZFEV
"2,2,2-trifluoroacetophenone",[429727],KIDNOD
"2,4,6-trinitrophenol","[634619, 634620, 634621, 634622, 634623, 634624]",PICRAC
DUT-67,"[957378, 957379]",XICNOO
solanacol,[592037],OJINIF
porphyrin,[647105],PORPIN
rhodamine-123,[678894],QIMMII
doxazosin,[962665],XITFEO
terfluorene,[710780],REGVAD
imidazolidine-2-thione,"[205779, 205780, 205781, 205782, 205783, 205784, 205785, 205786, 205787, 205788, 205789, 205790, 205791, 205792, 205793, 205794]",ETTHUR
octathio[8]circulene,[101444],CEWGOB
"1,1-Dichloro-2,2-bis(p-chlorophenyl)ethylene",[141021],DCLPEY
ST-3,[388924],JEHBOQ
calcite,"[18207, 255803, 255804, 255805, 255806, 255807, 255808, 255811, 255812, 255813, 255814, 255815, 255816, 255817, 255818, 255819, 255820, 255821, 255822, 255823, 255824, 255825, 255826, 255827, 255828, 255829, 255830, 255831, 255832, 255833, 255834, 255835, 255836, 255837, 255838, 255839, 255840, 255841]",FUTWOI
4-Nitrobenzaldehyde,[419747],KAYSUY
MOF-2,"[7352, 870916]",VEGMOK
MOP-3,[153461],DIQBIR
pentachlorophenol,[624267],PCPHOL
No,[386123],JAWBIT
tetrachlorohydroquinone,[790727],TCLHQU
"9,10-Phenanthrenequinone","[1049834, 1049835, 1049836]",ZZZIYE
HFF-2,[543417],NATYEP
irsogladine,[212515],EYENED
perylene,[1076189],PERLEN
PCNT,[869556],VEBZOR
"2-bromo-2-nitropropane-1,3-diol",[71481],BOMKOD
4-nitrocatechol,[827628],UCIVIP
1-methylthymine,[508059],METHYM
meyerhofferite,"[1082908, 1082909, 1082910, 1082911, 1082912, 1082913, 1082914, 1082915]",ZAMRIS
"2,6-diisopropylphenol",[263090],GAPTOG
anthracene,[22968],ANTCEN
guaiol,[269950],GEMRAT
N-Chlorosuccinimide,[122437],CSUCIM
"2,3,4-trimethoxy-4'-acetyl-1,1'-biphenyl",[22068],ANEDEF
"1,3,5-tribromobenzene","[790448, 790449, 790450]",TBRMBZ
"1,2-Ethanediol",[570360],NOZKES
chrysene,[122357],CRYSEN
DL-serine,"[157022, 157023, 157024, 157025, 157026, 157027, 157028, 157029, 157030, 157031, 157032, 157033, 157034, 157035, 157036]",DLSERN
2-Nitroimidazole,[97594],CELBAW
triptycene,"[816217, 816218, 816219, 816220, 816221]",TRIPCN
IRMOF-9,[640260],PIWLIT
MIL-88B,"[450423, 990716]",KUXREC
cambogin,[57747],BEVHIT
"2,6-diphenylanthracene","[931159, 1080853]",WOVVIO
"pyridine-2,6-diamine",[249568],FOYLEK
"14-Deoxy-11,12-didehydroandrographolide",[910507],WEGDOB
penoxsulam,[546969],NEFTUQ
toluene,"[811477, 811478, 811479, 811480, 811481, 811482, 811483]",TOLUEN
"3',4'-dimethoxyflavone",[885085],VIYQUQ
flumioxazin,[575059],NUPPUL
9-methyl-9H-carbazole,[562759],NMCABZ
8-acetyl-7-hydroxy-4-methylcoumarin,"[927890, 927891]",WOKNUG
oxacalix[4]arene,"[1034242, 1034243]",ZIMJOX
2-Aminopyridine,[21298],AMPYRD
1-heptyne,[444144],KUCNON
curcumin,"[63834, 63835]",BINMEQ
"1,3,5-tris(4-aminophenyl)benzene",[245953],FONHIB
PTC-3,[186404],EHOFEO
piroxicam,[66947],BIYSEH
"1,1,1-Trichloroethane","[502879, 502880, 502881, 502882, 502883, 502884, 502885, 502886]",MECHLF
daab,[312176],HEWRAD
1-(pyridin-2-yl)ethanone,[839825],UKUMUK
"1,2-dimethylimidazole",[200262],ERAZUV
izalpinin,[182055],EFIGOQ
MOP2,[612283],OYAGEC
ZSF-1,[880329],VIKLOT
Co-MOF,"[114340, 859949]",COFORM
HS998,[904689],WAMMAY
3-nitroaniline,[518290],MNIANL
"2,3,4,4'-tetramethoxy-1,1'-biphenyl",[22071],ANEDIJ
"indolo[2,1-b]quinazoline-6,12-dione","[217789, 816335]",TRYTAN
6e,[911319],WEJGEZ
"2-amino-1,4-naphthoquinone","[20887, 20888]",AMNNPQ
CP1,[612271],OYAFIF
hemozoin,[213114],EYOJOU
o-Benzoquinone,[579547],OBNZQU
isavuconazole,[1069081],GALJUC
2-Nitrophenol,[599391],ONITPH
phenazine,[590231],OHIVAE
D-Penicillamine,[95190],CEDFEW
"pyrazine-N,N'-dioxide",[12241],AHEMAB
selenourea,"[755501, 755502, 1062484]",SEUREA
piperidone,[108130],CIPWII
HU16,[459678],LAYKOM
purine,[265208],GAVWEI
pyridine-2-carboxamide,"[634340, 634341]",PICAMD
1,"[33567, 440835, 478334, 821854]",AVEHOA
MFU-4,"[349349, 349353]",IGOCUD
codeinone,[502569],MEBNOX
"1,3-Di-o-tolylguanidine",[97458],CEKROZ
fenoxycarb,[95735],CEFPEK
propanedinitrile,[496227],MALONT
2-Acetylaminofluorene,[2776],ACAFLR
glycine,"[160832, 160834, 160835, 160836, 160837, 160838, 160839, 160840, 160843, 160844, 160845, 160846, 160847, 160848, 160849, 160850, 160851, 160852, 160853, 160854, 160855, 160856, 160857, 160858, 160859, 160860, 160861, 160862, 160863, 160864, 160865, 160866, 160872, 160873, 160874, 282739, 282740, 282741, 282743, 282744, 444774, 444775, 444776, 444777, 444778]",DOLBIR
"1,3-phenylenediamine",[887794],VOJGIL
"1,4-bis(2,2':6',2''-terpyridin-4'-yl)benzene",[901366],WADMEV
2-isopropylthioxanthone,[66906],BIYQUY
"pyrrolidine-2,5-dione",[1062494],SUCCIN
PCN-12,[323989],HOGLEV
phthalazin-1(2H)-one,[918905],WIGYIV
oxalamide,[610768],OXAMID
"1,1,1,3,3,3-hexafluoropropan-2-ol",[711836],REKJOH
2-phenylquinoxaline,[863381],VAKHUK
paracetamol,[119415],COTZAN
MCBI,[787800],TASVAX
goyazensolide,[63403],BIMKUD
p-Nitroaniline,[540922],NANILI
proguanil,[691881],QQQCOG
DMCM,[752042],SEKPUT
f-MOF-1,[609900],OWUHOF
A58365A,[741443],SAFRUM
quinazolin-4(3H)-one,[61800],BIHJIO
"2,4-Dinitrotoluene","[1049628, 1049629]",ZZZGVU
"2,3-Butanedione","[84881, 84882]",CABBIQ
RWLC-2,[561707],NIXKIQ
MOF-14,"[689866, 689867, 689868, 689869, 689870, 689871, 689872, 689873, 689874, 689875, 689876]",QOWRAV
sumanene,[788412],TAVHEE
BSF-2,[893283],VUDBII
triphenylstibine,"[1049361, 1049362]",ZZZEHA
CHD-1,[755814],SEVWEY
thiosemicarbazide,[816357],TSCRBZ
chalcone,"[425483, 966226]",XOFFEF
metamitron,[469155],LICKOY
climbazole,[1078358],SANZUG
"2,5-diphenyl-1,3,4-oxadiazole","[544195, 544196, 544197, 544198]",NAXDIZ
5-iodouracil,[371211],IURACL
VU0476406,[498005],MAQHIY
trans-Azobenzene,"[41301, 41302, 41303]",AZOBEN
ST-1,[388920],JEHBEG
"2,4,6-Trichlorophenol",[760490],SILGOK
5-oxoproline,"[967698, 967699, 967700, 967701]",XOJXOL
8-hydroxyquinoline,[338929],HXQUIN
uzarigenin,[393582],JIDNUF
tizoxanide,[311932],HEVZAL
DAF-2,[464121],LEMHAM
MEN15596,[464911],LEPMUP
hexachlorobenzene,[306442],HCLBNZ
2-benzoylpyridine,[1075061],NOGCIV
"1,2-Dichloroethane","[141007, 141008, 141009]",DCLETH
2-Mercaptobenzimidazole,"[501965, 501966]",MCBZIM
parisite,[1075759],PANHAR
solvate,[603370],OREVAJ
1H-imidazole,[699983],QUZLED
FR225654,[465466],LERDAO
epiisopiloturine,[774287],SUDQUF
1-chloro-2-nitrobenzene,[755416],SETVIX
bifenthrin,[1060411],PEBBEH
(-)-Noradrenaline,[537386],NADREN
4-methyl-5-nitrocatechol,[827633],UCIVUB
lophine,[568231],NORDII
4-chlorothiophenol,[825442],UBIPUU
"cyclohexane-1,2-diol",[1050029],ZZZKPE
4-bromobenzonitrile,"[76192, 76193, 76194]",BRBNIT
11-dehydrosinulariolide,[36102],AWIZOW
SEC-1,[273482],GEYLEE
4-aminobenzenesulfonamide,[776124],SULAMD
s-Triazine,"[816238, 816239, 816240, 816241, 816242, 816243]",TRIZIN
PHI493,[251792],FUGLOI
"2,5-dinitrophenol",[778136],SURDUH
tetranitromethane,"[1051607, 1051608]",ZZZWEW
bisabolangelone,[259872],GAGMOU
"4,5,6,7-tetrabromo-1H-benzimidazole",[685034],QOHTEO
glycylglycylglycine,[799197],TGLYCY
5-propyl-2-thiouracil,[280562],GIVHEA
"9,10-dimethylanthracene",[157107],DMANTR
iodosylbenzene,[612339],OYALOR
ACP-1,[52509],BEFNIL
2'-Deoxyadenosine,[102597],CEZBIS
2-butanol,"[1027023, 1027024]",ZEFPUX
"naphthalene-1,5-diamine",[1050016],ZZZKNU
3-hydroxychromone,[324302],HOHHIW
plumbagin,[658721],PVVAQS
tetraphenylthiophene,[1036816],ZIYGAR
citlalitrione,[741014],SADVOI
4-chloro-N-(propylaminocarbonyl)benzenesulfonamide,"[52085, 52086, 52087, 52088, 52089, 52090, 52091, 52092, 52093, 52094, 52095, 52096, 52097, 52098, 52099, 52100, 52101, 52102, 52103]",BEDMIG
coumarin,[1071162],JALZOP
CAU-1,"[65732, 736204]",BIVLUQ
5-Bromouridine,"[76413, 76414]",BRURID
NIS-3,[942822],XAHWAG
fluorescein,[371223],IVABIS
1H-benzimidazole,"[84551, 84552]",BZDMAZ
"2,2,6,6-Tetramethylpiperidine-1-oxyl","[808274, 808275]",TMPPIO
N-(2-chloro-4-pyridyl)-N'-phenylurea,[506882],MEPWUZ
fenclorim,[575282],NUQDIO
4-methylaniline,[811203],TOLDIN
ZIF-70,[753654],SEPNEJ
9-methylguanine,[173327],DUXJOY
pyrrolidine,"[182909, 182910, 182911]",EFUMAU
"benzene-1,3-diol","[714807, 714808, 714809, 714810, 714811, 714812, 714813, 714814, 714815, 714816, 714817, 714818, 1061605, 1061606, 1061607, 1061608, 1061609, 1061610, 1061611, 1061612]",RESORA
2'-Hydroxyflavanone,[320258],HIVQAE
ropivacaine,[1074594],NAQXEM
diisopropylamine,[470772],LIHJIY
p-Nitrotoluene,[560516],NITOLU
4-Nitroaniline,"[540919, 540920]",NANILI
"2,4,6-trimethoxy-1,3,5-triazine","[385549, 385550]",JATFUF
bifendate,[1065671],ZAZFEP
2-Aminophenol,"[21262, 21263, 21264, 21265]",AMPHOM
solithromycin,[710265],REFKAR
Al-MIL-53,[740108],SABWAU
dasyclamide,[761795],SIPSAM
L-Methionine,"[477195, 477196, 477197]",LMETON
benzanthrone,[759183],SIHCIV
ZJNU-30,"[855480, 855481]",UWOSIK
FR171456,[937570],WURZUG
BHA,[202033],ESALUF
"1,1,2-trichloroethane","[1008137, 1008138, 1008139, 1008140, 1008141]",YOLDAF
4-chlorotoluene,"[415751, 415752, 415753, 415754, 415755, 415756, 415757]",KAMTAW
"1,4-Butanediol",[666633],QATTIO
"9,10-dihydroacridine",[403194],JOSLOU
deoxyaconitine,[820647],TUPDUE
PKU-21,[272181],GETFAP
geldanamycin,"[295792, 295793]",GUTVOJ
n-Hexane,"[312310, 312311]",HEXANE
pentafluoroiodobenzene,"[1022001, 1022002, 1022003]",ZAHGAQ
"2,4-dimethoxybenzaldehyde",[396700],JITXES
2-Nitropropane,"[350941, 350942]",IHIKIV
"N,N'-methylenebisacrylamide",[1044590],ZUJDEP
fluoranthene,[241696],FLUANT
benzenethiol,[406974],JUJPEL
"dibenzo[g,p]chrysene","[791219, 791220]",TEBNAP
"9,10-Diphenylanthracene","[166019, 166020, 166021, 166022, 166023, 166024, 166025, 166026]",DPANTR
disopyramide,[849119],UREYUO
DNL-1,[1025822],ZAZNUL
TpBD,[347225],IFIXOM
S-Sulpiride,[776322],SULPIA
chlorine,[987504],YATKIP
"3-((2-Methyl-1,3-thiazol-4-yl)ethynyl)pyridine",[605138],OSIYUL
"9,10-bis(1,3-dithiol-2-ylidene)-9,10-dihydroanthracene",[1018758],YUTTAK
"quinazoline-2,4(1H,3H)-dione","[519754, 519755]",MOFBUF
"2,6-di-t-butyl-4-methylphenol",[501793],MBPHOL
sucrose,[505718],MELKIA
ramelteon,[565707],NOKGEC
walsuronoid,[620085],PAPQAB
biotin,[64065],BIOTIN
"2',3'-Dideoxyadenosine","[260248, 260249]",GAHHIG
tetraphenylene,[48145],BASCIH
"N,N'-dimethyl-N,N'-diphenylurea",[96823],CEJDUT
virosecurinine,[234370],FIDTEU
GPZ,[415462],KAMCEG
bromhexine,[193071],EMAVOG
W-14,[24412],APOQOO
TOF-2,[285467],GOKJUM
C155,[478347],LODSEC
4-fluorotoluene,"[997545, 997546, 997547, 997548, 997549]",YICDIZ
luvangetin,[421181],KEDFAA
alloxazine,[1081362],XARROB
Co-MOF-74,[603670],ORIWAP
MIL-88,[222699],FAVKAP
"2,6-Dichlorobenzamide",[178913],ECUKUJ
SNNU-35,[678794],QIMFAW
pongamol,[584438],ODOLEA
"2-Methyl-1,4-naphthoquinone","[371719, 371720, 371721]",IVEJUO
SR2508,[776360],SULROG
sugiol,[155650],DIWXIR
4-Ketocyclophosphamide,[420292],KCYPAM
4-Hydroxybiphenyl,"[72388, 72389, 72390, 72391, 72392, 72393, 72394, 72395, 72396, 72397]",BOPSAA
FJU-22,[596441],OLUGUZ
"1,4-Naphthoquinone","[541393, 541394]",NAPHQU
CHCl3,[592229],OJOBUL
acridine,"[4744, 4745]",ACRDIN
"(1-pentyl-1H-indol-3-yl)(2,2,3,3-tetramethylcyclopropyl)methanone",[1075721],PAMWAF
GR89696,[457940],LATDUF
mompain,[1009266],YONZAF
fipronil,[991461],YEGJAY
2-phenylquinoline,[255065],FURSOD
bilastine,"[1072384, 1072385]",KAWHAV
phthalocyanine,[633806],PHTHCY
4-Aminothiophenol,[383289],JAKPER
2-chlorothiophene,[441145],KOQCOL
"1,8-Naphthyridine","[541678, 541679]",NAPTYR
trans-Stilbene,"[816387, 816388, 816389, 816390, 816391, 816392]",TSTILB
5-(4-chlorophenyl)-1-(4-methoxyphenyl)-3-(trifluoromethyl)-1H-pyrazole,[729230],ROMMUC
"2,6-Diaminopyridine",[249567],FOYLEK
5-methylhydantoin,[669166],QECRAU
"acenaphthylene-1,2-dione",[4177],ACNAQU
4-chloronitrobenzene,"[112702, 112703, 112704, 112705, 112706, 112707, 112708]",CNITBZ
dithymoquinone,[118237],CORDOE
cholestane,[1049992],ZZZKGI
ZIF-96,[648239],POVNOG
tetrahydrothiophene,[774629],SUFWIB
(-)-Phenylephrine,[633558],PHEPHR
1-octyne,[444148],KUCNUT
ATF-2,[768347],SOKKOT
4-Ethylphenol,[768948],SOLXOH
methanesulfonamide,[179507],EDATIP
"1,3-dihydro-2H-indol-2-one","[1042424, 1042425, 1083495]",ZOYLII
parthenin,[101628],CEWSAY
"1,4-dibromonaphthalene",[140846],DBRNAQ
n-Octylamine,[683013],QOBJEY
"dithieno[3,2-b:2',3'-d]phosphole",[698828],QUVJIC
FR901459,[636683],PIJPAZ
3-nitrocatechol,[827624],UCIVEL
BFB,[287083],GORBOE
bromide,[290434],GUDHET
C19H14O2,[864668],VANBOD
benzo[c]phenanthridine,[85505],CACGOF
6-Azauracil,"[41955, 41956]",AZURAC
2-Aminopyrimidine,"[21301, 21302]",AMPYRM
thymine,[799552],THYMIN
SCTF-1,[698339],QUSXOU
cyclotriborazane,[257567],FUZPAR
methandrostenolone,[550521],NEQQEH
"2,4-Dinitrophenylhydrazine","[906784, 906785]",WASRAJ
9-Nitroanthracene,"[570788, 570789]",NTRANT
"1,3-dipalmitoyl-2-oleoylglycerol","[673271, 673272]",QESJAA
7-amino-4-methylcoumarin,"[919842, 919843]",WIKDEZ
"5,10,15,20-tetrakis(pentafluorophenyl)porphyrin",[1022606],ZALJIF
4-nitro-o-phenylene-diamine,[722159],RIRMAH
indole,[12656],AHIMAF
ZIF-1,[871894],VEJYEP
lepteridine,[618148],PAJXUW
metoprolol,[962804],XITNIA
"2,4,6-Trinitrophenol",[634618],PICRAC
"2,4-Dinitrophenol","[157569, 157570]",DNOPHL
MOF-1,"[7347, 918431]",ADUWIH
"CP-99,994",[452140],LACPOU
3,"[373438, 626587, 627167, 689037, 791661, 840592]",QOTNOD
1a,[718334],RIDLAS
"1,2,3-triazole",[738117],RUVQOO
"N,N,N',N'-tetramethylethane-1,2-diamine",[1079022],TAMWOX
epigallocatechin-3-gallate,[207915],EVUJEM
n-Octane,[582534],OCTANE
NbOFFIVE-1-Ni,"[26981, 609316]",OWIKAI
TIF-2,[688789],QOSXOM
BM567,[682252],QIYMEQ
"4-amino-2,6-dichlorophenol",[487395],LUKXOG
3-nitrobenzaldehyde,[873152],VENCEZ
4'-methoxyflavone,[885089],VIYRAX
"1,2,4,5-tetrazine",[796945],TETRAZ
"1-amino-4-hydroxy-9,10-anthraquinone",[603975],OROWUQ
"1,4-diethoxybenzene","[147729, 147730]",DEXBEN
prieurianin,[660304],QACYOM
propionamide,"[1049960, 1049961, 1049962, 1049963]",ZZZKAY
9H-xanthen-9-one,"[1051227, 1051228]",ZZZTXI
"4,4'-thiodiphenol",[800039],TICGAN
(E)-stilbene,"[816403, 816404]",TSTILB
11-O-debenzoyltashironin,[487421],LUKZAV
SION-8,[963831],XIXCIT
ethanol,[622584],PAWMUX
cyclotetrabenzoin,[939360],WUXNUA
2-chlorobenzamide,"[111968, 111969]",CLBZAM
1-(4-methoxyphenyl)piperazine,[350963],IHILOD
NCX4016,[373012],IVURAS
"1,2-diiodobenzene",[1049562],ZZZGFW
"1,3-thiazolidine-2-thione",[90976],CASHOT
datolite,"[510066, 604522, 604523, 604524, 604525, 604526, 604527, 604528, 604529, 604530, 604531, 604532, 604533, 604534, 604535, 604536, 604537, 604538, 604539, 604540, 604541, 604542, 604543, 604544, 604545, 604546]",OSAVAH
isonicotinonitrile,[981779],YACXOT
2-acetylanthracene,"[59335, 59336]",BEZHUL
9-bromophenanthrene,"[432008, 432009, 432010]",KILBAL
"2,4,6-triazido-1,3,5-triazine",[130904],CYNURZ
o-Nitrobenzaldehyde,"[554312, 554313]",NIBZAL
"2-chloro-4,6-dimethoxy-1,3,5-triazine",[198029],EPURIT
ZIF-9,"[689563, 689564, 689565, 689570, 871924]",QOVXEG
trimethylamine,"[97267, 97268, 97269, 97270, 97271]",CEKGUU
"1,2-phenylenediamine",[44139],BAGFIY
cinchonine,[107475],CINCHO
Mn-MOF-74,[603672],ORIWET
n-Hexadecane,[692331],QQQFBP
3-hydroxy-2-methyl-4H-pyran-4-one,[794481],TEMBES
butane,"[167066, 167067, 167068, 167069, 167070]",DUCKOB
anthracimycin,[340341],IBIYAW
ZIF8,[585804],OFERUN
"2,2'-Bipyridyl","[64432, 64433, 64434, 64435]",BIPYRL
papuamine,[975946],XUKHOD
"1,6-Hexanediamine",[312500],HEXMDA
PBRM,[489543],LURQUN
"5,4'-dihydroxy-3,7,3'-trimethoxyflavone",[1054008],EDAXUC
benzo[e]pyrene,[99355],CEQGEL
3-aminoflavone,[525087],MOVBOP
azetidine,[946358],XATMOV
MCPA,[112522],CMPHAA
4-aminobenzonitrile,"[56689, 56690, 56691, 56692, 56693, 56694, 56695, 56696, 56697, 56698, 56699, 674991]",QEYVUO
